,Accuracy,Precision,Recall,F1
Logistic,0.4801587301587302,0.5028571428571429,0.6666666666666666,0.5732899022801302
