,Accuracy,Precision,Recall,F1
Ridge,0.45634920634920634,0.4774774774774775,0.4015151515151515,0.43621399176954734
